{"cameraMode":{"drawMode":0,"name":"Shaded","section":"Shading Mode"},"sceneLighting":true,"audioPlay":false,"sceneViewState":{"showFog":true,"showMaterialUpdate":false,"showSkybox":true,"showFlares":true,"showImageEffects":true,"showParticleSystems":true},"in2DMode":false,"pivot":{"x":199.10354614257813,"y":14.388484954833985,"z":74.94751739501953},"rotation":{"x":-0.1140606477856636,"y":0.0020836517214775087,"z":-0.00023919783416204154,"w":-0.9934715628623962},"size":40.40803909301758,"orthographic":false}