{"cameraMode":{"drawMode":0,"name":"Shaded","section":"Shading Mode"},"sceneLighting":true,"audioPlay":false,"sceneViewState":{"showFog":true,"showMaterialUpdate":false,"showSkybox":true,"showFlares":true,"showImageEffects":true,"showParticleSystems":true},"in2DMode":false,"pivot":{"x":224.6153106689453,"y":0.6486015319824219,"z":-32.856727600097659},"rotation":{"x":0.06972825527191162,"y":0.05683032423257828,"z":-0.0039788722060620789,"w":0.9959398508071899},"size":54.36043930053711,"orthographic":false}