{"cameraMode":{"drawMode":0,"name":"Shaded","section":"Shading Mode"},"sceneLighting":true,"audioPlay":false,"sceneViewState":{"showFog":true,"showMaterialUpdate":false,"showSkybox":true,"showFlares":true,"showImageEffects":true,"showParticleSystems":true},"in2DMode":false,"pivot":{"x":87.263671875,"y":-31.558837890625,"z":91.875},"rotation":{"x":0.003895952133461833,"y":0.031494271010160449,"z":-0.00012194276496302336,"w":0.9994986057281494},"size":130.37998962402345,"orthographic":true}