{"cameraMode":{"drawMode":0,"name":"Shaded","section":"Shading Mode"},"sceneLighting":true,"audioPlay":false,"sceneViewState":{"showFog":true,"showMaterialUpdate":false,"showSkybox":true,"showFlares":true,"showImageEffects":true,"showParticleSystems":true},"in2DMode":false,"pivot":{"x":154.64453125,"y":14.4056396484375,"z":86.65625},"rotation":{"x":0.003895952133461833,"y":0.031494271010160449,"z":-0.00012194276496302336,"w":0.9994986057281494},"size":120.85382843017578,"orthographic":true}